0,1,2,3,4,5,6,7,8,9,10,11,12,13,14,15,16,17,18,19,20,21,22,23,24,25,26,27,28,29,30,31,32,33,34,35,36,37,38,39,40,41,42,43,44,45,46,47,48,49,50,51,52,53,54,55,56,57,58,59,60,61,62,63,64,65,66,67,68,69,70,71,72,73,74,75,76,77,78,79,80,81,82,83,84,85,86,87,88,89,90,91,92,93,94,95,96,97,98,99,100,Subject
0.300808273,0.299664048,0.298519822,0.297412217,0.296387486,0.295362755,0.294431362,0.293558917,0.292693353,0.291965931,0.291258492,0.29059064,0.290037609,0.289489282,0.289010356,0.288593448,0.288185058,0.287842202,0.287520772,0.287212935,0.286939623,0.286669237,0.286405591,0.286142469,0.285875752,0.285595825,0.285298974,0.284993485,0.284651555,0.284291956,0.283909796,0.28349057,0.28305206,0.28258515,0.282087193,0.281574308,0.28103265,0.280470377,0.279899254,0.279310812,0.278713712,0.278115337,0.277513901,0.276915108,0.276326688,0.275745724,0.275173895,0.274627869,0.27409457,0.273579561,0.273088657,0.272618615,0.272175053,0.271751299,0.27134275,0.270970745,0.270610359,0.270267839,0.26995059,0.269643898,0.269358689,0.269085763,0.268825876,0.268589697,0.268358742,0.268147287,0.267960222,0.267781891,0.267633476,0.267509671,0.267405116,0.267347879,0.267320394,0.267322958,0.26740519,0.267509417,0.267680674,0.267936254,0.268219273,0.268601461,0.269072959,0.269568523,0.270219042,0.270919531,0.271678142,0.272599043,0.273537785,0.274588661,0.275761444,0.276940243,0.278280164,0.27967414,0.281091262,0.282672294,0.284260663,0.285912347,0.287663829,0.289415311,0.291256911,0.293138048,0.295019184,4
0.119977874,0.11917338,0.118583714,0.118028535,0.117481471,0.11696358,0.116468907,0.115984282,0.11552071,0.115069425,0.114650132,0.114255285,0.11387633,0.113534107,0.113197525,0.112896851,0.112603668,0.112334564,0.112081732,0.111839313,0.111621753,0.111408457,0.111216626,0.111034993,0.110864957,0.110713871,0.110569967,0.11044527,0.110332788,0.11023517,0.110154703,0.110088358,0.110041599,0.110010848,0.109999073,0.110005013,0.110032113,0.110078137,0.110143442,0.110234039,0.110340715,0.110473332,0.110622504,0.110796365,0.110990734,0.11120625,0.111442622,0.111698141,0.111973372,0.112265013,0.112575218,0.112901284,0.113242317,0.113594492,0.1139575,0.114328977,0.114707275,0.115089945,0.115475931,0.115861278,0.11624832,0.116629087,0.117010524,0.117382248,0.117753149,0.118115112,0.118474428,0.118827715,0.119179383,0.119527567,0.119879129,0.120231123,0.120591227,0.120961747,0.121340891,0.12174266,0.122156423,0.122599817,0.123065835,0.123558836,0.12408884,0.12464334,0.12524153,0.125866898,0.126527493,0.127224311,0.127940402,0.128697973,0.129464547,0.130259412,0.131060704,0.131869227,0.132675987,0.133479316,0.134254974,0.135021619,0.135742401,0.136428765,0.137080871,0.137648581,0.13821629,6
0.296578821,0.295186549,0.293794278,0.2924291,0.291253783,0.290078466,0.288960015,0.288008297,0.28705658,0.286183408,0.285434042,0.284684676,0.284019852,0.283430621,0.282841389,0.282324408,0.281841674,0.281358939,0.280920634,0.280489552,0.28005847,0.279635538,0.279209035,0.278779574,0.278328734,0.277873806,0.277407799,0.276911089,0.27641171,0.275893938,0.275351045,0.274807735,0.274244552,0.273669597,0.27309635,0.272510532,0.271927081,0.271346711,0.270770312,0.270205888,0.269644946,0.26911199,0.268593172,0.26808441,0.267617799,0.267166627,0.266736345,0.26635314,0.265985127,0.265651066,0.265361005,0.265084727,0.264855503,0.264662232,0.264479557,0.264355976,0.264257139,0.264166607,0.264144353,0.26413506,0.264133146,0.264206303,0.264281908,0.264375623,0.264530262,0.264689009,0.264877512,0.265115764,0.265360912,0.265649681,0.265979753,0.266320815,0.266723138,0.26715963,0.267612433,0.268149141,0.268712071,0.26929746,0.269994676,0.270707201,0.271448424,0.272333424,0.273218424,0.274157177,0.275233064,0.276308951,0.277464168,0.27874043,0.280016692,0.281393448,0.282866495,0.284339542,0.28592339,0.287573257,0.289223124,0.290976074,0.292764454,0.294552834,0.296411709,0.298281686,0.300151663,8
0.311964613,0.310496803,0.309028992,0.30763547,0.30645064,0.305265809,0.304239336,0.303355522,0.302471707,0.3018174,0.301224067,0.300658723,0.300305965,0.299967386,0.299694157,0.299553809,0.299415198,0.299355252,0.299350142,0.29934888,0.299397062,0.299458791,0.299521819,0.299587203,0.299653489,0.299703129,0.299726449,0.299749152,0.299724621,0.299675392,0.299611927,0.299499857,0.299367946,0.299211075,0.299018186,0.298813004,0.298584424,0.298337029,0.298083433,0.297825405,0.297564081,0.29730859,0.297067292,0.296833044,0.2966291,0.296448674,0.296282455,0.296172605,0.296089518,0.29604002,0.29603762,0.296075926,0.296164916,0.296291617,0.296451709,0.29668339,0.296939642,0.297234077,0.297582921,0.297958533,0.298374388,0.29882286,0.299301315,0.299817853,0.300351422,0.30091515,0.301506419,0.302111561,0.302743715,0.303390688,0.304054279,0.30474188,0.305436296,0.306151336,0.306888874,0.30762757,0.308398311,0.309183064,0.309973973,0.310802405,0.311641079,0.312492177,0.313392608,0.314295904,0.315230242,0.316212488,0.31719472,0.318239098,0.319316749,0.320398994,0.321575235,0.322765312,0.323979202,0.325296264,0.326613326,0.327992187,0.329444154,0.330896121,0.332443583,0.334026593,0.335609603,10
0.250269371,0.248644976,0.24702058,0.245477459,0.244085963,0.242694467,0.241474873,0.240328399,0.239202074,0.238271726,0.237348829,0.236500454,0.235757197,0.235015729,0.234368813,0.233751881,0.233149559,0.232605028,0.232064166,0.231542966,0.231039887,0.230536902,0.230048901,0.229562637,0.229079884,0.228605602,0.228133269,0.227670329,0.227219484,0.226774258,0.226351642,0.225942936,0.225551831,0.225189152,0.224843897,0.224528053,0.224244751,0.223981765,0.223753592,0.223556795,0.223383607,0.223239556,0.223120802,0.223028784,0.222960916,0.222909425,0.22287551,0.222862418,0.222859687,0.222867125,0.222883478,0.222908821,0.222938013,0.222971253,0.223007569,0.223045018,0.223086018,0.223127185,0.223169292,0.223217465,0.223264777,0.223318598,0.223377698,0.223440187,0.223517715,0.223598886,0.22369186,0.223803025,0.223919983,0.224059018,0.224211451,0.224374623,0.224570255,0.22477084,0.224995547,0.225243474,0.22549791,0.225781863,0.226079158,0.226386277,0.226724214,0.22706468,0.227424516,0.227802175,0.228182214,0.228586003,0.22899694,0.22941511,0.229857277,0.230300522,0.230764324,0.231245042,0.231727088,0.232251892,0.232782178,0.233331714,0.23393008,0.234528447,0.235185168,0.235874142,0.236563117,12
0.184337424,0.183590924,0.182844424,0.182128057,0.181480283,0.180832509,0.180249832,0.179709907,0.179179293,0.178720128,0.178280812,0.177863713,0.177496602,0.177140112,0.176803321,0.176493306,0.17619054,0.175890857,0.175602581,0.175313595,0.175014315,0.174715787,0.174404547,0.174080485,0.173745034,0.173393408,0.173024153,0.172642684,0.172242229,0.171823912,0.17139544,0.170952324,0.170494995,0.170032163,0.169558224,0.169079847,0.168600141,0.168116232,0.167635684,0.167159144,0.166689163,0.166225232,0.165772165,0.165333837,0.164908239,0.164498322,0.164103503,0.163732867,0.163381365,0.163048868,0.16273927,0.162457239,0.16220222,0.161969261,0.16176015,0.161590488,0.161441909,0.161323578,0.161237211,0.161177679,0.16115519,0.161157165,0.161193167,0.161258031,0.161346701,0.161472283,0.161616928,0.161786693,0.161981434,0.1621896,0.16241873,0.162659027,0.16290749,0.163165683,0.16342347,0.163678619,0.163931305,0.164173835,0.164401976,0.164615778,0.164808434,0.164983822,0.165130297,0.165252996,0.165354234,0.165419548,0.165471928,0.165494035,0.165489712,0.165480283,0.16544418,0.165402007,0.16535698,0.165314797,0.165274899,0.16525096,0.165262383,0.165273806,0.165356494,0.165473384,0.165590275,14
0.188054374,0.187216631,0.186378889,0.185557853,0.184749554,0.183949236,0.183200507,0.182452177,0.181760993,0.181095396,0.180456028,0.179885424,0.179321437,0.178828961,0.178359314,0.177928068,0.177548428,0.177184198,0.176868914,0.176570819,0.176303417,0.176059066,0.175829384,0.175614431,0.175409996,0.175211748,0.175016483,0.174823921,0.174623929,0.17442291,0.174211878,0.173992579,0.173763113,0.173521208,0.173268891,0.173003871,0.172726093,0.172436757,0.172138274,0.171826783,0.171508941,0.171180679,0.170846496,0.170508474,0.170163383,0.169819364,0.169470978,0.169124246,0.168779158,0.168435412,0.168096984,0.167763475,0.167436935,0.16711769,0.166806603,0.166503781,0.166214108,0.16593442,0.165668156,0.165414688,0.165172374,0.164948728,0.164737871,0.164544544,0.164367055,0.164203505,0.164061646,0.163936293,0.163827318,0.163738637,0.163665712,0.163615297,0.163584669,0.163568069,0.163578787,0.163602053,0.163652217,0.163723133,0.163808899,0.163928898,0.164058814,0.164223283,0.164409115,0.164615267,0.16486143,0.165116845,0.165419518,0.165743183,0.166092891,0.166492466,0.16689796,0.167367278,0.167854127,0.16837312,0.168947762,0.169523854,0.170177101,0.170840102,0.171541158,0.172288825,0.173036491,16
0.293284206,0.291751602,0.290218999,0.288696849,0.287259583,0.285822408,0.284419639,0.283131962,0.281844619,0.280621533,0.279516315,0.27841175,0.27739968,0.276488888,0.275582403,0.274782252,0.274059538,0.273347128,0.272738489,0.272183226,0.271641978,0.271193358,0.270775353,0.27037931,0.270044061,0.26972828,0.269435262,0.269175992,0.268928191,0.268694904,0.268476379,0.268261467,0.268052704,0.267844609,0.267633167,0.267420375,0.267199018,0.266968823,0.26673135,0.266479745,0.266217104,0.265942508,0.265651052,0.265348432,0.265033944,0.264701461,0.264359321,0.264007491,0.263639936,0.263265392,0.262884427,0.262493839,0.26209964,0.261702571,0.261305654,0.260908921,0.260514565,0.260128829,0.259749451,0.259378637,0.25902255,0.258681175,0.258354408,0.258048417,0.257762403,0.257496219,0.257256667,0.257041035,0.256846711,0.256684833,0.256547913,0.25643206,0.256352929,0.256296901,0.256260453,0.256263394,0.256285403,0.256325081,0.25640749,0.256500815,0.256612116,0.256769831,0.25693156,0.257117822,0.257348006,0.257580886,0.257849384,0.258164145,0.258480313,0.258852739,0.259275559,0.259698764,0.260213273,0.260778192,0.261343487,0.26204975,0.262799714,0.263549933,0.264501952,0.265480898,0.266459844,18
0.179662346,0.178963588,0.17826483,0.177630124,0.177055524,0.176498336,0.176023106,0.175566314,0.175157364,0.174787189,0.174442682,0.174136441,0.173851097,0.173590752,0.17334991,0.173122398,0.172909897,0.172707742,0.172512777,0.172322811,0.17213797,0.171953139,0.171769396,0.171581733,0.171397485,0.171206565,0.171015419,0.170821756,0.17062239,0.170426531,0.170222181,0.170019611,0.169818098,0.169611511,0.169411414,0.169207884,0.169008421,0.168813729,0.168620387,0.168434781,0.168252008,0.168080731,0.167912785,0.167757673,0.16760945,0.167473947,0.167349763,0.167239534,0.167143479,0.167059085,0.166996533,0.166945846,0.166920989,0.166911051,0.166918911,0.166956027,0.167007547,0.167089263,0.16719317,0.167317655,0.167474439,0.167650487,0.167856901,0.1680909,0.168344928,0.168628936,0.168936306,0.169270253,0.169625641,0.170004732,0.170405555,0.170825484,0.171266891,0.171721542,0.172196784,0.172683165,0.173183731,0.173694346,0.174215345,0.174746021,0.175281268,0.175826359,0.176373943,0.176927838,0.17748789,0.178050195,0.178620306,0.179195129,0.179775719,0.18036669,0.180965089,0.181577266,0.18219977,0.182840085,0.183498709,0.184168587,0.184877678,0.185592842,0.186345553,0.187129725,0.187913897,19
0.29961092,0.298770159,0.297929398,0.297140558,0.296424112,0.295707667,0.295034375,0.294367963,0.293701942,0.293027579,0.292352695,0.291655166,0.290940418,0.290220818,0.28947025,0.288714613,0.287952094,0.287181239,0.286412326,0.285659583,0.28491213,0.284190572,0.283504113,0.282830629,0.282220297,0.281637851,0.281098841,0.280616103,0.280166576,0.279776951,0.279425082,0.27911408,0.278850217,0.278612399,0.278410816,0.278230339,0.27807463,0.277934305,0.277804505,0.277682973,0.277561533,0.277446263,0.277315277,0.277186187,0.277046636,0.276891326,0.276736842,0.276552728,0.276365047,0.276167119,0.275942566,0.275721355,0.275474303,0.275218278,0.274961224,0.27467596,0.274395151,0.27410443,0.273803695,0.273507038,0.273206466,0.272910223,0.272625257,0.272351715,0.272087962,0.271868281,0.271667961,0.271506431,0.271409232,0.27133791,0.271367631,0.271454034,0.271611175,0.271903785,0.272246051,0.272738041,0.273331498,0.274001795,0.274885858,0.275809888,0.276909941,0.278133454,0.279420208,0.280925038,0.282460206,0.284125078,0.285906873,0.28771327,0.289653996,0.291616965,0.293626242,0.295684514,0.297744353,0.2998181,0.301885711,0.303947821,0.305950836,0.307953852,0.309889698,0.311774878,0.313660057,21
0.242157778,0.24120463,0.240251481,0.239327149,0.238448417,0.237571673,0.236746557,0.23594176,0.235156933,0.234414711,0.23368906,0.232999248,0.232336962,0.231701469,0.231102554,0.230528217,0.229987481,0.229476748,0.2289944,0.22854558,0.228124637,0.227731786,0.227366302,0.227028904,0.226715642,0.226421373,0.226154556,0.225902731,0.225667649,0.225447992,0.225238744,0.225042849,0.224852412,0.224669792,0.224491301,0.224312363,0.224143261,0.223969206,0.223797083,0.223631505,0.223459747,0.223295725,0.223135468,0.222977493,0.222830283,0.222691775,0.222564547,0.22245596,0.222365463,0.222293886,0.222247007,0.222232846,0.222252502,0.222301157,0.222387686,0.222520833,0.22269203,0.222917628,0.223182326,0.223495331,0.223869872,0.224283244,0.224760671,0.225284334,0.225850385,0.226482848,0.22715536,0.227874706,0.228646482,0.229449344,0.230300372,0.231186497,0.232105274,0.233060763,0.234035817,0.235037183,0.23606111,0.237100851,0.238153408,0.239214783,0.240285452,0.241358132,0.242435728,0.243506212,0.244577923,0.245641246,0.246700305,0.24775089,0.248785084,0.249819999,0.250834306,0.251841715,0.252843181,0.253820717,0.25479855,0.25576274,0.256709865,0.257657291,0.258583918,0.259501138,0.260418358,23
0.096770123,0.096376931,0.095983739,0.095593183,0.09523155,0.094874685,0.094524744,0.094201035,0.093888168,0.09358826,0.093309563,0.093042945,0.092797826,0.092568153,0.092351008,0.092158035,0.091978076,0.091811917,0.091664736,0.091532077,0.091412828,0.091309372,0.091216103,0.0911395,0.091072676,0.091011815,0.090970241,0.090933213,0.090902846,0.090883577,0.090869489,0.09086132,0.090858798,0.090860444,0.090867217,0.090877211,0.090887467,0.090903411,0.090920573,0.090936642,0.090956942,0.090977528,0.090997316,0.091019552,0.091042346,0.091065002,0.091090125,0.091115483,0.091142495,0.09117214,0.09120353,0.091238359,0.091276074,0.091317996,0.091365957,0.091416754,0.091474642,0.091540875,0.091611028,0.091690142,0.091777614,0.091874594,0.091978882,0.092092079,0.092217205,0.092349892,0.092490043,0.092642354,0.092804076,0.092969357,0.093145672,0.093330479,0.093518372,0.093713559,0.09391353,0.094116972,0.094323341,0.094529924,0.094738439,0.094947964,0.095152987,0.095357439,0.095560936,0.0957575,0.095951416,0.096142324,0.096325238,0.096505758,0.096682445,0.096850009,0.097018003,0.097182779,0.097340087,0.097498187,0.097657916,0.097814781,0.097972939,0.098133962,0.098303332,0.098474065,0.098644799,25
0.112656533,0.112389991,0.112123449,0.111856906,0.111617194,0.111395229,0.111173265,0.110963426,0.110785496,0.110610354,0.110441272,0.110296574,0.110166691,0.110040783,0.109927872,0.109835105,0.10974904,0.109669827,0.109604993,0.109551897,0.109503729,0.109462361,0.109433207,0.109410002,0.109388575,0.109376312,0.109371048,0.10936721,0.10936742,0.109373475,0.109381521,0.10939112,0.109406144,0.109423441,0.109442539,0.109464497,0.109489254,0.109516525,0.109545878,0.109580392,0.109616761,0.109656233,0.109700668,0.109748279,0.109799951,0.109854748,0.109916755,0.109981008,0.110049142,0.110123505,0.110200307,0.110282318,0.110366039,0.110453534,0.11054417,0.11063493,0.110725659,0.110818269,0.110908029,0.110995381,0.111077524,0.111157666,0.111231723,0.111292709,0.111348067,0.111394072,0.111425804,0.111443316,0.111451786,0.111445293,0.111412511,0.111369716,0.111311802,0.111228921,0.111129985,0.111017714,0.110884329,0.110725186,0.110557042,0.110374213,0.110170293,0.109951913,0.109725877,0.10948931,0.109237779,0.108982304,0.108723832,0.108461537,0.108198005,0.107934322,0.107677745,0.107431521,0.107187551,0.106946331,0.106738352,0.106539083,0.106339815,0.106168638,0.106033207,0.105897775,0.105762344,27
0.234072136,0.232834824,0.231597512,0.230381805,0.229230016,0.228078227,0.226982371,0.225938939,0.224899801,0.223945207,0.223020503,0.222118243,0.221296,0.220490611,0.219727341,0.219021989,0.218332496,0.217689133,0.217082089,0.216495326,0.215945125,0.215418779,0.214913257,0.214431614,0.213967169,0.213515898,0.213083357,0.212660145,0.212246723,0.211843887,0.211447187,0.211056353,0.210672009,0.210291132,0.209914465,0.209541946,0.209173111,0.208807024,0.208445881,0.208088768,0.207734173,0.207387649,0.207044487,0.206706245,0.206377985,0.206054341,0.205737441,0.205431623,0.205133653,0.204844099,0.204563074,0.204295955,0.204037498,0.203788678,0.203552027,0.203327424,0.203113957,0.202912004,0.202721725,0.202545205,0.202380835,0.20222776,0.202089007,0.201965405,0.201853238,0.201756287,0.201677506,0.201611366,0.201563321,0.201534563,0.201520768,0.201530542,0.201562424,0.201611553,0.201694937,0.201798125,0.201931495,0.202098415,0.202292282,0.202525534,0.202795815,0.203098465,0.203458788,0.203848397,0.204286655,0.204790694,0.205315564,0.205917826,0.206576519,0.207256638,0.208043508,0.208859614,0.209714967,0.210684064,0.21165881,0.21270549,0.213830929,0.214956368,0.216177672,0.217432785,0.218687899,30
0.205235029,0.204856493,0.204477958,0.204100006,0.203721214,0.203342422,0.202945849,0.202537407,0.202126735,0.201678136,0.201224635,0.200756108,0.200260397,0.199762624,0.19924362,0.198718896,0.198190985,0.197659464,0.197132868,0.196609951,0.196109046,0.19561659,0.195147874,0.194710696,0.194292754,0.193914854,0.193571788,0.193257866,0.192996804,0.192760205,0.192573422,0.192424599,0.192305728,0.19223173,0.19218106,0.192164332,0.192182009,0.192209173,0.192267075,0.192338458,0.192414111,0.192506667,0.192594581,0.192683408,0.1927691,0.192841874,0.192907137,0.192953951,0.192979663,0.192987982,0.192978332,0.19293129,0.192863823,0.192771961,0.192650942,0.192500887,0.192321022,0.192120529,0.191894385,0.191638945,0.191371068,0.191080301,0.190776831,0.190465356,0.190142522,0.189823008,0.18950718,0.189197859,0.188906639,0.188636937,0.18838918,0.18817996,0.188012402,0.187878598,0.187815985,0.187791956,0.187835065,0.187958273,0.188125107,0.188375092,0.188713915,0.189091829,0.189584808,0.190131545,0.190730068,0.191441125,0.192175705,0.19297993,0.193858178,0.194744059,0.195700612,0.19668058,0.19766901,0.198692598,0.199716495,0.200740087,0.201754278,0.202768469,0.203747887,0.204709555,0.205671223,31
0.258311228,0.257096263,0.255881298,0.254694319,0.253516411,0.252352559,0.251204191,0.2500629,0.248948192,0.247840759,0.246764781,0.245710095,0.244682591,0.243698114,0.242737934,0.241833325,0.240959885,0.240141572,0.239368515,0.238639513,0.237970151,0.237340284,0.236765797,0.236232798,0.235746315,0.235302232,0.234901396,0.234538816,0.234211126,0.233916724,0.233653299,0.233418158,0.23320879,0.233028106,0.232861527,0.232724032,0.23259799,0.23249368,0.232401838,0.232324728,0.232260611,0.232207204,0.232166206,0.232134087,0.232113669,0.232101021,0.232101592,0.232111131,0.232134918,0.232174243,0.232224846,0.232307114,0.232402867,0.232534865,0.232693615,0.232887352,0.233131364,0.233407328,0.233758597,0.234149267,0.23461922,0.235156523,0.235759592,0.236461513,0.237227192,0.238095813,0.239040603,0.240088167,0.24122133,0.242437726,0.243758148,0.245155,0.24663235,0.248188579,0.249807019,0.251493398,0.253231505,0.255015919,0.256836068,0.258677634,0.26054209,0.262407904,0.264275816,0.266129614,0.267968521,0.269773942,0.271560361,0.273292025,0.27500472,0.276656003,0.278273871,0.279853325,0.28137429,0.282884944,0.284326752,0.285763976,0.287158391,0.288536657,0.289901499,0.291244815,0.292588131,32
