0,1,2,3,4,5,6,7,8,9,10,11,12,13,14,15,16,17,18,19,20,21,22,23,24,25,26,27,28,29,30,31,32,33,34,35,36,37,38,39,40,41,42,43,44,45,46,47,48,49,50,51,52,53,54,55,56,57,58,59,60,61,62,63,64,65,66,67,68,69,70,71,72,73,74,75,76,77,78,79,80,81,82,83,84,85,86,87,88,89,90,91,92,93,94,95,96,97,98,99,100,Subject
0.287072265,0.287884742,0.28869722,0.289509697,0.290322175,0.291133666,0.291931773,0.292721607,0.293511442,0.294301277,0.295088246,0.295861918,0.296618933,0.297369934,0.298120168,0.298866882,0.299600076,0.300320037,0.301025857,0.301724513,0.302419502,0.303102619,0.303774729,0.304430279,0.305074195,0.305709576,0.306332679,0.306946544,0.307549475,0.308132745,0.308706355,0.309262054,0.309810571,0.310347683,0.310865146,0.311372784,0.311856618,0.312331332,0.312788749,0.313237477,0.313661714,0.314069887,0.314462019,0.31482927,0.315187345,0.315528972,0.315836851,0.316142821,0.316411577,0.316662977,0.316914378,0.317107403,0.317300427,0.317473204,0.317604513,0.317733451,0.317819922,0.317887297,0.317940064,0.317954243,0.317949708,0.317917985,0.317853668,0.317773558,0.317657382,0.317526802,0.317357674,0.317172719,0.316956111,0.316711698,0.316449248,0.316154464,0.315845056,0.315504755,0.315142114,0.314753639,0.314340929,0.313914527,0.313472899,0.313008311,0.312513405,0.311998633,0.311475504,0.310946225,0.310402482,0.309833795,0.309245533,0.308652319,0.308058435,0.307462246,0.306849567,0.306223585,0.305596006,0.304968428,0.304340849,0.303714086,0.303088014,0.302462408,0.301836801,0.301211194,0.300585588,4
0.138894601,0.139516228,0.140137856,0.140763909,0.141374953,0.141977265,0.142579372,0.14316356,0.143723645,0.144272887,0.144801485,0.145301533,0.145770505,0.14621296,0.14663042,0.147002175,0.147339467,0.147646375,0.147911233,0.148134486,0.148320587,0.148465718,0.148572418,0.148641289,0.1486669,0.148663119,0.148627364,0.148546426,0.14844187,0.148313898,0.148157427,0.147971081,0.147771689,0.147555288,0.147317336,0.147069737,0.14681427,0.146548622,0.146275357,0.146000066,0.145720167,0.145440621,0.145160503,0.144879776,0.144601984,0.144326434,0.144052719,0.143780449,0.143511194,0.143245228,0.142978445,0.14271539,0.142450401,0.142187863,0.141924167,0.141657425,0.141390686,0.141120355,0.140845807,0.140568442,0.140284669,0.139995412,0.139702671,0.139399082,0.139090428,0.138773756,0.138448237,0.138114915,0.137770602,0.137419412,0.137058093,0.136684267,0.136301877,0.135909997,0.13550861,0.13509491,0.134671213,0.134239113,0.133797116,0.133344038,0.132884309,0.132413801,0.131937904,0.131451984,0.130959597,0.130464345,0.12996014,0.129452158,0.128940909,0.128429328,0.127911667,0.127395109,0.126879277,0.126363025,0.125849373,0.125339617,0.124832392,0.124327591,0.123835878,0.123344971,0.122854065,6
0.300721285,0.301704514,0.302687744,0.303670973,0.304654202,0.305637432,0.306614791,0.307536211,0.308443611,0.309351011,0.310258411,0.311165811,0.312059383,0.312899242,0.313700827,0.314500986,0.315301145,0.316098178,0.316879131,0.317619365,0.318291497,0.318958074,0.319624651,0.320284356,0.320927275,0.321553518,0.322071702,0.322587638,0.323097226,0.32360032,0.324083663,0.324553181,0.324930896,0.32527801,0.32561449,0.325945652,0.326252663,0.326549609,0.326779949,0.326942752,0.32709811,0.327244883,0.327364064,0.327477332,0.327555752,0.327524726,0.327489778,0.327451813,0.3273782,0.327302736,0.327227272,0.327003054,0.326778836,0.326552967,0.326294634,0.326033276,0.325767798,0.325398015,0.32499518,0.324588229,0.324162067,0.32372734,0.323284962,0.322783322,0.322223376,0.321658318,0.321080991,0.320498806,0.319906904,0.319291787,0.318607026,0.317917924,0.317222618,0.316523639,0.315819672,0.315113735,0.314345466,0.313575425,0.312803413,0.312030015,0.311256617,0.310479297,0.309681208,0.308878479,0.308077886,0.307277739,0.306477592,0.305676869,0.304878715,0.304091893,0.303310961,0.302530028,0.301749096,0.300968163,0.30019729,0.29947121,0.298749477,0.298027744,0.297306012,0.296584279,0.295862546,8
0.337698337,0.338179301,0.338660265,0.339141228,0.339622192,0.340103156,0.340583508,0.341037393,0.341482476,0.341927558,0.342372641,0.342817723,0.343260741,0.343675555,0.34406619,0.344455483,0.344844776,0.345234069,0.345618819,0.345980016,0.346295538,0.346605654,0.34691577,0.347225886,0.347527938,0.347820919,0.348033603,0.348244049,0.348450016,0.348655983,0.348849537,0.3490344,0.349144912,0.34923064,0.349311174,0.349389111,0.349449907,0.349503561,0.349499738,0.349438439,0.349377141,0.349307378,0.349216028,0.349120051,0.348992768,0.348771568,0.348550368,0.348326301,0.348071525,0.347815188,0.347558851,0.347174728,0.346790605,0.346405009,0.345990423,0.345573136,0.345155848,0.344647638,0.344109121,0.343566762,0.343006476,0.342439221,0.341871967,0.34125211,0.340579651,0.339902232,0.33921291,0.338521839,0.337827269,0.337112562,0.336337442,0.335557908,0.334772069,0.33398623,0.333198335,0.332409411,0.331571236,0.330731021,0.329888993,0.329046964,0.328204936,0.327362222,0.326508862,0.325653981,0.324800207,0.323946433,0.323092659,0.322239453,0.321397983,0.320574482,0.319753249,0.318932015,0.318110782,0.317289549,0.316484232,0.315733598,0.314984738,0.314235879,0.313487019,0.31273816,0.3119893,10
0.234692519,0.235514185,0.236335851,0.237157517,0.237979184,0.23880085,0.239631947,0.240535106,0.241445251,0.242355396,0.24326554,0.244175685,0.245100069,0.246059812,0.247025071,0.247990331,0.248955591,0.249922169,0.250897153,0.251880331,0.252856369,0.253832408,0.254808446,0.255785443,0.2567576,0.257724005,0.258658171,0.259592337,0.260526037,0.261458106,0.262365835,0.263256525,0.264105849,0.264941385,0.265773093,0.266602888,0.267381635,0.268139112,0.268858621,0.269539127,0.270211349,0.270883571,0.27147322,0.272045173,0.272594084,0.273066979,0.273534364,0.274001749,0.274354536,0.274700161,0.275045786,0.27527514,0.275504494,0.275725976,0.275821515,0.275917054,0.276005693,0.276008447,0.275985447,0.27593871,0.275781197,0.275623684,0.275452733,0.275232315,0.274964111,0.274659606,0.274267976,0.273871882,0.273466861,0.273041829,0.272556765,0.272029786,0.271442929,0.270847836,0.27025039,0.269652943,0.268997227,0.268303182,0.267573485,0.266838259,0.266103034,0.265367808,0.264607793,0.263814187,0.263004479,0.262193628,0.261382777,0.260571926,0.259757232,0.258933826,0.258108905,0.257283984,0.256459064,0.255634143,0.254812872,0.254023419,0.253237758,0.252452098,0.251666438,0.250880777,0.250095117,12
0.159061586,0.15956273,0.160063874,0.160565018,0.16106626,0.161603287,0.162149735,0.162696183,0.163243329,0.163811361,0.164392368,0.164973374,0.165556561,0.166151858,0.166758909,0.167366243,0.167978275,0.168598294,0.169225512,0.169854154,0.170490846,0.171132137,0.171777861,0.172425534,0.173084853,0.173745801,0.174408676,0.17507506,0.175754169,0.17643343,0.177112091,0.177795071,0.178489048,0.179182763,0.179873781,0.180567646,0.181268668,0.181968884,0.182664806,0.183359785,0.184054821,0.184747731,0.185435766,0.186114669,0.186788243,0.187453544,0.188115169,0.18875415,0.189388646,0.190000325,0.190612004,0.191182476,0.191752948,0.19228744,0.192813556,0.193294083,0.19376819,0.194208745,0.19461857,0.194984457,0.19533518,0.195664059,0.19593153,0.196162293,0.196368014,0.196556675,0.196679035,0.196761201,0.196809142,0.196837812,0.196820012,0.196749275,0.196637949,0.196506269,0.196352699,0.196135093,0.195875311,0.195594502,0.195301515,0.194963801,0.194583382,0.194177464,0.193764932,0.193333857,0.192860517,0.192364108,0.191865262,0.191365073,0.190831813,0.190284686,0.189737681,0.189190676,0.188636394,0.188078677,0.187522101,0.186965526,0.186412967,0.185880399,0.185348771,0.184817143,0.184285515,14
0.173403839,0.174005549,0.174607258,0.175208968,0.175831935,0.176496281,0.17716433,0.177835477,0.178533979,0.179244503,0.17995807,0.18068255,0.181417273,0.182151348,0.18288816,0.183629614,0.184367655,0.18509942,0.185826528,0.186549487,0.187259438,0.187956682,0.188639565,0.189313702,0.18996654,0.190595278,0.191207753,0.191804952,0.192369165,0.192911492,0.193432684,0.193935621,0.194392327,0.194837039,0.195259211,0.195646679,0.19600065,0.19634575,0.196669066,0.196945224,0.197201697,0.197450824,0.197676174,0.197865483,0.198039051,0.198203022,0.19834895,0.198466617,0.198577479,0.198671068,0.198760836,0.198823549,0.198884159,0.198932819,0.198976276,0.199002031,0.199024339,0.199042978,0.199051422,0.199047282,0.199039304,0.199027914,0.199008732,0.198974564,0.198934913,0.198890845,0.198834982,0.198766616,0.198688661,0.198603945,0.198497872,0.198383249,0.198257185,0.198115382,0.19794978,0.197774507,0.197587812,0.197376255,0.197139549,0.196894184,0.196629736,0.19634643,0.196034115,0.19571101,0.195368967,0.195007626,0.194624487,0.194222314,0.193809846,0.193378192,0.192926525,0.192461659,0.191991899,0.191503682,0.190998467,0.190490659,0.189980599,0.18945534,0.188924222,0.188393105,0.187861988,16
0.272727872,0.273236731,0.27374559,0.274254449,0.274763308,0.275272166,0.275816319,0.276429319,0.277043541,0.277657762,0.278271984,0.278891134,0.279567029,0.280276372,0.280987888,0.281699404,0.282412692,0.283146511,0.283916752,0.284703628,0.28549283,0.286282033,0.287076306,0.287893179,0.288721701,0.289556153,0.290391779,0.291228342,0.292067604,0.292914794,0.293758956,0.294600997,0.295440715,0.296278246,0.297107373,0.297932299,0.298740939,0.299541528,0.300333355,0.301118988,0.301871143,0.302623297,0.303341878,0.304042029,0.304739188,0.30539666,0.306026394,0.306656128,0.307222464,0.307779446,0.308336429,0.30880037,0.309264311,0.30971719,0.310093834,0.310470478,0.310802578,0.311071135,0.311334906,0.311567064,0.311737568,0.311908072,0.311981803,0.312037873,0.312071071,0.312078724,0.312032858,0.311950647,0.311795743,0.311627049,0.311442186,0.31122808,0.3109722,0.310637948,0.310276078,0.309902884,0.309520087,0.309104933,0.308642103,0.308112396,0.307570328,0.307028261,0.306480417,0.305900015,0.305260273,0.304592107,0.303922046,0.303251986,0.302579238,0.301875495,0.301126565,0.30037536,0.299624156,0.298872951,0.298121019,0.297345518,0.296561037,0.295776556,0.294992076,0.294207595,0.293423114,18
0.193647688,0.194094477,0.194541266,0.194988055,0.195434844,0.195886165,0.196337751,0.196784719,0.197231686,0.197680199,0.198128495,0.19857183,0.199010889,0.199445156,0.19987869,0.20030834,0.200729789,0.201141407,0.201550852,0.201950147,0.202343711,0.202722772,0.20308947,0.203450958,0.203800619,0.204132992,0.20445274,0.204756883,0.205046419,0.205318075,0.205578761,0.205817013,0.206040909,0.206231176,0.206409912,0.206580631,0.206721267,0.206835137,0.206923784,0.206993817,0.207051002,0.207073792,0.207076372,0.207052625,0.206999496,0.20692846,0.206827177,0.206717503,0.206576394,0.206388491,0.206200588,0.205975107,0.205749626,0.205479501,0.20517975,0.204872201,0.204538083,0.204189225,0.203813869,0.203415821,0.203002028,0.202564146,0.202115267,0.201651093,0.201167812,0.200667648,0.200150136,0.199626689,0.199094944,0.198544681,0.197985461,0.197417583,0.196845298,0.196265763,0.195680522,0.19508908,0.194496532,0.193901506,0.193305742,0.192709928,0.192114549,0.19152316,0.190934038,0.190349762,0.189767835,0.189193366,0.18862811,0.18807105,0.187520698,0.186976957,0.186439625,0.185921312,0.185419391,0.18492472,0.184430049,0.183942537,0.183491984,0.18305944,0.182626896,0.182194352,0.181761808,19
0.315705879,0.316487789,0.317269698,0.318051608,0.318833517,0.319615427,0.320397937,0.321166192,0.32192215,0.322676208,0.323430265,0.324184323,0.324934426,0.325652389,0.326335617,0.327009257,0.327679111,0.328345909,0.329000614,0.329619904,0.330184548,0.330719714,0.331251412,0.331774496,0.332272389,0.332749814,0.333126902,0.333491958,0.333830504,0.33415708,0.334451805,0.334725708,0.33490412,0.335052613,0.335165907,0.335261601,0.33531876,0.335354426,0.335326492,0.335229082,0.335115455,0.334962702,0.334768579,0.334564263,0.334321737,0.333981146,0.333634681,0.33327008,0.332839471,0.332406263,0.331973054,0.331419363,0.330865673,0.33031001,0.329703642,0.329082635,0.328458519,0.327777155,0.327072358,0.326363134,0.325637635,0.324894715,0.324147265,0.323379393,0.322593955,0.321804076,0.321009462,0.320213082,0.319413171,0.318613479,0.31781251,0.31701442,0.316220417,0.315429789,0.31464207,0.313855232,0.313099589,0.312353776,0.311618183,0.310888717,0.31015978,0.309440917,0.308760623,0.308108919,0.307471163,0.306836822,0.306204433,0.30557885,0.304992634,0.304456208,0.303932196,0.303408184,0.302884172,0.302363092,0.301870692,0.301447491,0.301029288,0.300611086,0.300192884,0.299774682,0.29935648,21
0.248214962,0.24890464,0.249594319,0.250283997,0.250973676,0.251666434,0.252367668,0.253065831,0.253763994,0.254462157,0.255161377,0.25585829,0.256541419,0.25722226,0.257902221,0.258575502,0.25924074,0.259886897,0.260520578,0.261146703,0.261758123,0.262360465,0.262940178,0.26349529,0.264030027,0.264546139,0.265047654,0.265528809,0.265980464,0.266390226,0.266782167,0.267152223,0.267504201,0.267819021,0.268087388,0.268332528,0.268549784,0.268744742,0.26890155,0.269023264,0.269105373,0.269158252,0.269184197,0.26917456,0.269132741,0.269068306,0.268945558,0.268811977,0.268643172,0.268444219,0.268245266,0.267962384,0.267679501,0.267371603,0.267034271,0.266689133,0.266298802,0.265890855,0.265464293,0.26501892,0.264558571,0.264080099,0.263578939,0.263063331,0.26253608,0.262001004,0.261451874,0.260895246,0.26032362,0.259745987,0.259165805,0.258577887,0.257987782,0.257390805,0.256791355,0.256192383,0.255590675,0.254990087,0.254389778,0.253789724,0.253193518,0.25259778,0.252006406,0.251416398,0.250830075,0.250250356,0.249675457,0.249105714,0.248536838,0.247969544,0.247414442,0.246868419,0.246327367,0.245786315,0.245245263,0.244713623,0.2442009,0.243690805,0.243180711,0.242670617,0.242160523,23
0.096576187,0.096768311,0.096960434,0.097153226,0.097357291,0.097581512,0.097810495,0.098045758,0.098289097,0.098546409,0.0988085,0.099076923,0.099352403,0.099634435,0.099920747,0.100210001,0.100502373,0.100795464,0.101091292,0.101386768,0.101678626,0.101968202,0.102253947,0.102537067,0.102816979,0.10308521,0.10334327,0.103597959,0.103848635,0.10408217,0.104302625,0.104516201,0.104722303,0.104912945,0.105088575,0.105252619,0.105408096,0.105547568,0.105677506,0.105790644,0.105894248,0.105980261,0.106060283,0.106130456,0.106181797,0.106221428,0.106258393,0.106279581,0.106295138,0.106294536,0.106291289,0.106275437,0.106256979,0.106224855,0.106190716,0.106146256,0.106097288,0.106043628,0.105983539,0.105916984,0.105844389,0.105768255,0.105686982,0.105600962,0.105507427,0.105408338,0.105305225,0.105194841,0.105081255,0.104956755,0.10482426,0.104688809,0.104545206,0.104389289,0.104226778,0.104056091,0.103875294,0.1036855,0.103485148,0.103273991,0.103058333,0.102827271,0.102587037,0.102341404,0.102086401,0.101815992,0.101546398,0.101268841,0.100980216,0.10068757,0.100393846,0.10009382,0.099790787,0.099485774,0.099182061,0.098878339,0.098573525,0.098274098,0.09797984,0.097685966,0.097392092,25
0.114016016,0.114452558,0.1148891,0.115325819,0.115766399,0.116203164,0.116636794,0.117072451,0.117503704,0.117922237,0.118332135,0.118738083,0.119131313,0.119512569,0.119877164,0.120232247,0.120567326,0.120891456,0.121197716,0.121485622,0.121754577,0.122011699,0.122248996,0.122463698,0.122661424,0.122852638,0.123019276,0.12316224,0.123290871,0.123414682,0.123518893,0.123601506,0.123671611,0.12373505,0.123783472,0.123820578,0.123840215,0.123856098,0.123860662,0.123854721,0.123840864,0.123819968,0.12378877,0.123749447,0.123706641,0.123658336,0.123601011,0.123533981,0.123464703,0.123389853,0.123314353,0.123220402,0.123125769,0.12302538,0.12292251,0.122808917,0.122686804,0.122558602,0.122425753,0.122286034,0.122135619,0.121975748,0.121810265,0.121638557,0.121456604,0.121262841,0.121062201,0.120856077,0.120639848,0.120409819,0.120176053,0.11993504,0.119681977,0.119421361,0.11915466,0.118882023,0.118598711,0.118309836,0.118015609,0.117717119,0.117412468,0.117103443,0.116791783,0.116477579,0.116160403,0.115841972,0.11552409,0.115207052,0.114889096,0.114572114,0.114262581,0.113953969,0.113645872,0.113346554,0.113057244,0.112767331,0.112479433,0.112212873,0.111952314,0.111691746,0.111431179,27
0.223801075,0.224480873,0.225160671,0.225840469,0.226520267,0.227200065,0.227892144,0.228597879,0.229302124,0.230006369,0.230710614,0.231419746,0.232137094,0.232852185,0.233556254,0.234257735,0.234961258,0.235667689,0.236374728,0.237074316,0.23775432,0.2384216,0.239089346,0.239754986,0.240416571,0.241074279,0.241689896,0.242298176,0.242892733,0.243481519,0.244062531,0.244634088,0.245164161,0.24567792,0.24617011,0.246651515,0.247113871,0.247569387,0.247987007,0.248372426,0.248744033,0.249085001,0.249407252,0.249715104,0.250005339,0.250236348,0.250450309,0.250656262,0.25081353,0.25096422,0.251114909,0.251171026,0.251227144,0.251276111,0.251274797,0.251265595,0.251238067,0.251154233,0.251053488,0.250934167,0.250793621,0.250621789,0.250434549,0.250219042,0.24996432,0.249700275,0.249411315,0.24911118,0.248788695,0.248447659,0.248069515,0.247676362,0.247271485,0.246857783,0.246427806,0.2459845,0.245507224,0.245021755,0.244527292,0.244026312,0.243515908,0.242992261,0.2424564,0.241909636,0.241356406,0.240796001,0.240232856,0.239667931,0.239097139,0.238519653,0.237937655,0.237353911,0.236770167,0.236186424,0.235603511,0.23502388,0.234445286,0.233866693,0.2332881,0.232709506,0.232130913,30
0.201463896,0.201953412,0.202442929,0.202932446,0.20342232,0.20391183,0.20440284,0.204893875,0.205383961,0.20586964,0.206357577,0.206846061,0.207334895,0.207819455,0.20830589,0.208796513,0.209290082,0.209780272,0.210275616,0.210778914,0.211286078,0.211793401,0.212308996,0.212835651,0.213364525,0.213899187,0.214442121,0.214996984,0.215552671,0.216114816,0.216682645,0.217256142,0.217831617,0.218406967,0.218982293,0.219555062,0.220124651,0.220686849,0.221237178,0.22177162,0.222295211,0.22280704,0.223285868,0.223736291,0.22416763,0.224572223,0.224940871,0.225252821,0.225551145,0.225788991,0.226016888,0.22614541,0.226262673,0.226306824,0.226332588,0.226284874,0.226186015,0.22603484,0.22584566,0.22560961,0.225307503,0.224961672,0.224579213,0.224159454,0.223694801,0.223181379,0.222642303,0.222080228,0.221494942,0.22086979,0.220231272,0.219582178,0.21892343,0.218249898,0.217574047,0.216897368,0.216227921,0.215558281,0.214901119,0.214255712,0.213626605,0.213006526,0.212409296,0.211837102,0.211280493,0.210742439,0.210234096,0.209749449,0.20927939,0.208838241,0.208426704,0.208021844,0.207636926,0.207288214,0.206954957,0.206621886,0.206300442,0.206017138,0.205735433,0.205453727,0.205172022,31
0.291104129,0.291895953,0.292687777,0.293479601,0.294271425,0.295071179,0.295847834,0.296602753,0.297357672,0.298113421,0.298873444,0.299605598,0.300299488,0.300982833,0.30166277,0.302334282,0.302977506,0.303578689,0.304148849,0.304703837,0.305234843,0.30574321,0.306201952,0.306610584,0.306992313,0.307337937,0.307657434,0.307914192,0.30813287,0.308294134,0.308421706,0.308492613,0.308522626,0.308509192,0.308428691,0.308304641,0.30810876,0.307887787,0.30762388,0.307301483,0.30689429,0.30645088,0.305976666,0.305465495,0.304879219,0.304251355,0.303568219,0.302871945,0.302134873,0.30132967,0.300524467,0.299647654,0.298770842,0.297846122,0.296896928,0.295937447,0.29494945,0.293945501,0.29291324,0.291880292,0.290834073,0.289785332,0.288729105,0.287662207,0.286601217,0.285536813,0.284487334,0.283441833,0.282400824,0.281366573,0.280345025,0.279344071,0.278352819,0.277377283,0.276413498,0.275478554,0.274556259,0.273651022,0.272759798,0.271897612,0.271057253,0.270230604,0.269423984,0.268632295,0.267863735,0.267114088,0.266384066,0.265672648,0.264973445,0.264279054,0.263607874,0.262959086,0.262327502,0.261697473,0.261067444,0.260449897,0.259862061,0.259280187,0.258698313,0.258116439,0.257534565,32
